ID,Timestamp,Sensor A,Sensor X,Sensor Y,Sensor Z
232,2024-11-27 10:26:14,0,1999,1596,1630
233,2024-11-27 10:26:14,0,2003,1596,1638
234,2024-11-27 10:26:15,0,2005,1594,1635
235,2024-11-27 10:26:15,0,2000,1609,1633
236,2024-11-27 10:26:16,0,1998,1596,1637
237,2024-11-27 10:26:16,0,2001,1597,1634
238,2024-11-27 10:26:17,0,2005,1593,1637
239,2024-11-27 10:26:17,0,2003,1599,1636
240,2024-11-27 10:26:18,0,2000,1594,1634
241,2024-11-27 10:26:18,0,1995,1591,1635
242,2024-11-27 10:26:19,0,2008,1599,1637
243,2024-11-27 10:26:26,0,2000,1594,1632
244,2024-11-27 10:26:27,0,2003,1596,1634
245,2024-11-27 10:26:27,0,2002,1594,1633
246,2024-11-27 10:26:28,0,2007,1595,1633
247,2024-11-27 10:26:28,0,2002,1603,1636
248,2024-11-27 10:26:29,0,2005,1591,1640
249,2024-11-27 10:26:29,0,1992,1596,1641
250,2024-11-27 10:26:30,0,1996,1596,1638
251,2024-11-27 10:26:30,0,1951,1592,1632
252,2024-11-27 10:26:31,0,1911,1596,1638
253,2024-11-27 10:26:31,0,1903,1590,1631
254,2024-11-27 10:28:28,0,1983,1666,1683
255,2024-11-27 10:28:28,0,2005,1638,1666
256,2024-11-27 10:28:29,0,1981,1613,1651
257,2024-11-27 10:28:29,0,1984,1574,1618
258,2024-11-27 10:28:30,0,2025,1547,1636
259,2024-11-27 10:28:30,0,2000,1526,1626
260,2024-11-27 10:28:31,0,1995,1498,1612
261,2024-11-27 10:28:31,0,1982,1594,1689
262,2024-11-27 10:28:32,0,1979,1637,1709
263,2024-11-27 10:28:32,0,1987,1666,1747
264,2024-11-27 10:28:33,0,2003,1609,1673
265,2024-11-27 10:28:35,0,1997,1554,1595
266,2024-11-27 10:28:35,0,1975,1553,1585
267,2024-11-27 10:28:36,0,1982,1556,1588
268,2024-11-27 10:28:36,0,1983,1581,1633
269,2024-11-27 10:28:37,0,1981,1603,1632
270,2024-11-27 10:28:37,0,2018,1613,1715
271,2024-11-27 10:28:38,0,1953,1661,1618
272,2024-11-27 10:28:38,0,1981,1673,1625
273,2024-11-27 10:28:39,0,1986,1579,1576
274,2024-11-27 10:28:39,0,1953,1561,1525
275,2024-11-27 10:28:40,0,1964,1555,1489
276,2024-11-27 10:28:41,0,1972,1597,1592
277,2024-11-27 10:28:42,0,1963,1648,1634
278,2024-11-27 10:28:42,0,1974,1662,1691
279,2024-11-27 10:28:43,0,1981,1640,1737
280,2024-11-27 10:28:43,0,1965,1634,1766
281,2024-11-27 10:28:44,0,1964,1620,1763
282,2024-11-27 10:28:44,0,2023,1611,1684
283,2024-11-27 10:28:45,0,2025,1594,1601
284,2024-11-27 10:28:45,0,1958,1567,1521
285,2024-11-27 10:28:46,0,1946,1545,1491
286,2024-11-27 10:28:46,0,1974,1556,1515
287,2024-11-27 10:28:48,0,1983,1650,1711
288,2024-11-27 10:28:49,0,1981,1652,1738
289,2024-11-27 10:28:49,0,1962,1640,1766
290,2024-11-27 10:28:49,0,1994,1633,1700
291,2024-11-27 10:28:50,0,2003,1624,1618
292,2024-11-27 10:28:50,0,1971,1628,1575
293,2024-11-27 10:28:51,0,1960,1615,1525
294,2024-11-27 10:28:51,0,1956,1613,1497
295,2024-11-27 10:28:52,0,1948,1655,1511
296,2024-11-27 10:28:53,0,1967,1687,1528
297,2024-11-27 10:28:53,0,1973,1681,1597
298,2024-11-27 10:28:55,0,1990,1586,1707
299,2024-11-27 10:28:55,0,1988,1560,1707
300,2024-11-27 10:28:56,0,1982,1511,1729
301,2024-11-27 10:28:56,0,1961,1518,1744
302,2024-11-27 10:28:57,0,1966,1518,1729
303,2024-11-27 10:28:57,0,1973,1510,1679
304,2024-11-27 10:28:58,0,1971,1511,1676
305,2024-11-27 10:28:58,0,1981,1518,1631
306,2024-11-27 10:28:59,0,1981,1525,1604
307,2024-11-27 10:28:59,0,1986,1519,1583
308,2024-11-27 10:29:00,0,1983,1517,1574
309,2024-11-27 10:29:07,1,1638,1956,1633
310,2024-11-27 10:29:08,1,1633,1937,1631
311,2024-11-27 10:29:08,1,1645,1927,1588
312,2024-11-27 10:29:09,1,1654,1949,1542
313,2024-11-27 10:29:09,1,1722,1898,1531
314,2024-11-27 10:29:10,1,1729,1928,1617
315,2024-11-27 10:29:11,1,1745,1925,1662
316,2024-11-27 10:29:11,1,1745,1925,1709
317,2024-11-27 10:29:12,1,1680,1958,1715
318,2024-11-27 10:29:12,1,1650,1941,1675
319,2024-11-27 10:29:13,1,1638,1952,1645
320,2024-11-27 10:29:14,1,1605,1940,1653
321,2024-11-27 10:29:15,1,1604,1932,1647
322,2024-11-27 10:29:15,1,1599,1929,1645
323,2024-11-27 10:29:16,1,1582,1923,1706
324,2024-11-27 10:29:16,1,1582,1921,1702
325,2024-11-27 10:29:17,1,1582,1917,1742
326,2024-11-27 10:29:17,1,1574,1918,1747
327,2024-11-27 10:29:18,1,1600,1932,1730
328,2024-11-27 10:29:18,1,1604,1926,1754
329,2024-11-27 10:29:19,1,1617,1917,1747
330,2024-11-27 10:29:19,1,1639,1931,1727
331,2024-11-27 10:29:21,1,1687,1948,1659
332,2024-11-27 10:29:21,1,1681,1942,1616
333,2024-11-27 10:29:22,1,1701,1936,1582
334,2024-11-27 10:29:22,1,1701,1930,1560
335,2024-11-27 10:29:23,1,1697,1934,1536
336,2024-11-27 10:29:23,1,1644,1925,1564
337,2024-11-27 10:29:24,1,1628,1933,1601
338,2024-11-27 10:29:24,1,1599,1927,1660
339,2024-11-27 10:29:25,1,1593,1934,1679
340,2024-11-27 10:29:25,1,1599,1948,1702
341,2024-11-27 10:29:26,1,1609,1927,1732
342,2024-11-27 10:29:27,1,1687,1939,1684
343,2024-11-27 10:29:28,1,1694,1945,1620
344,2024-11-27 10:29:28,1,1683,1930,1582
345,2024-11-27 10:29:29,1,1644,1940,1578
346,2024-11-27 10:29:29,1,1605,1946,1637
347,2024-11-27 10:29:30,1,1602,1925,1645
348,2024-11-27 10:29:30,1,1594,1925,1655
349,2024-11-27 10:29:31,1,1601,1948,1649
350,2024-11-27 10:29:31,1,1614,1925,1663
351,2024-11-27 10:29:32,1,1602,1937,1678
352,2024-11-27 10:29:32,1,1613,1941,1674
353,2024-11-27 10:29:34,1,1654,1937,1610
354,2024-11-27 10:29:35,1,1708,1938,1560
355,2024-11-27 10:29:35,1,1666,1928,1617
356,2024-11-27 10:29:36,1,1603,1909,1707
357,2024-11-27 10:29:36,1,1582,1905,1749
358,2024-11-27 10:29:37,1,1606,1933,1748
359,2024-11-27 10:29:37,1,1664,1935,1698
360,2024-11-27 10:29:38,1,1729,1941,1663
361,2024-11-27 10:29:38,1,1754,1935,1644
362,2024-11-27 10:29:39,1,1777,1918,1632
363,2024-11-27 10:29:39,1,1808,1913,1607
364,2024-11-27 10:29:42,1,1624,1941,1662
365,2024-11-27 10:29:42,1,1621,1933,1689
366,2024-11-27 10:29:43,1,1644,1928,1686
367,2024-11-27 10:29:43,1,1675,1946,1662
368,2024-11-27 10:29:44,1,1699,1936,1678
369,2024-11-27 10:29:44,1,1727,1930,1672
370,2024-11-27 10:29:45,1,1778,1928,1667
371,2024-11-27 10:29:45,1,1799,1908,1633
372,2024-11-27 10:29:46,1,1800,1903,1569
373,2024-11-27 10:29:46,1,1703,1922,1538
374,2024-11-27 10:29:46,1,1648,1935,1581
375,2024-11-27 10:29:48,1,1621,1927,1712
376,2024-11-27 10:29:48,1,1630,1929,1716
377,2024-11-27 10:29:49,1,1646,1923,1747
378,2024-11-27 10:29:49,1,1660,1931,1726
379,2024-11-27 10:29:50,1,1685,1937,1679
380,2024-11-27 10:29:50,1,1730,1938,1648
381,2024-11-27 10:29:51,1,1734,1923,1571
382,2024-11-27 10:29:51,1,1727,1904,1489
383,2024-11-27 10:29:52,1,1714,1891,1452
384,2024-11-27 10:29:52,1,1699,1856,1453
385,2024-11-27 10:29:53,1,1647,1924,1547
386,2024-11-27 10:29:54,1,1591,1931,1702
387,2024-11-27 10:29:54,1,1614,1916,1729
388,2024-11-27 10:29:55,1,1627,1923,1765
389,2024-11-27 10:29:55,1,1640,1926,1803
390,2024-11-27 10:29:56,1,1640,1883,1824
391,2024-11-27 10:29:56,1,1658,1887,1834
392,2024-11-27 10:29:57,1,1718,1916,1796
393,2024-11-27 10:29:57,1,1725,1918,1738
394,2024-11-27 10:29:58,1,1742,1926,1671
395,2024-11-27 10:29:58,1,1715,1940,1652
396,2024-11-27 10:29:59,1,1706,1939,1594
397,2024-11-27 10:30:00,1,1673,1927,1554
398,2024-11-27 10:30:01,1,1628,1932,1598
399,2024-11-27 10:30:01,1,1594,1935,1636
400,2024-11-27 10:30:02,1,1583,1940,1664
401,2024-11-27 10:30:02,1,1590,1916,1700
402,2024-11-27 10:30:03,1,1608,1925,1759
403,2024-11-27 10:30:03,1,1577,1923,1713
404,2024-11-27 10:30:04,1,1545,1907,1691
405,2024-11-27 10:30:04,1,1565,1945,1681
406,2024-11-27 10:30:05,1,1646,1939,1640
407,2024-11-27 10:30:05,1,1719,1930,1653
408,2024-11-27 10:30:06,1,1911,1845,1662
409,2024-11-27 10:30:07,1,1908,1818,1685
410,2024-11-27 10:30:07,1,1915,1805,1705
411,2024-11-27 10:30:08,1,1933,1796,1739
412,2024-11-27 10:30:08,1,1916,1821,1697
413,2024-11-27 10:30:09,1,1850,1882,1634
414,2024-11-27 10:30:09,1,1775,1925,1580
415,2024-11-27 10:30:10,1,1724,1924,1521
416,2024-11-27 10:30:10,1,1690,1916,1498
417,2024-11-27 10:30:11,1,1647,1939,1618
418,2024-11-27 10:30:11,1,1625,1931,1694
419,2024-11-27 10:30:15,1,1682,1951,1669
420,2024-11-27 10:30:16,1,1686,1933,1655
421,2024-11-27 10:30:16,1,1682,1953,1669
422,2024-11-27 10:30:17,1,1669,1945,1680
423,2024-11-27 10:30:17,1,1663,1952,1691
424,2024-11-27 10:30:18,1,1689,1935,1679
425,2024-11-27 10:30:18,1,1683,1943,1655
426,2024-11-27 10:30:19,1,1681,1943,1655
427,2024-11-27 10:30:19,1,1678,1951,1647
428,2024-11-27 10:30:20,1,1666,1942,1659
429,2024-11-27 10:30:20,1,1663,1942,1651
430,2024-11-27 10:30:30,2,1663,1610,1979
431,2024-11-27 10:30:30,2,1660,1606,1972
432,2024-11-27 10:30:31,2,1650,1596,1964
433,2024-11-27 10:30:31,2,1666,1584,1965
434,2024-11-27 10:30:32,2,1639,1565,1940
435,2024-11-27 10:30:32,2,1631,1521,1962
436,2024-11-27 10:30:33,2,1663,1546,1961
437,2024-11-27 10:30:33,2,1727,1560,1968
438,2024-11-27 10:30:34,2,1674,1616,1962
439,2024-11-27 10:30:34,2,1600,1623,1955
440,2024-11-27 10:30:35,2,1640,1667,1993
441,2024-11-27 10:30:37,2,1645,1590,1969
442,2024-11-27 10:30:38,2,1639,1597,1971
443,2024-11-27 10:30:38,2,1731,1626,1967
444,2024-11-27 10:30:39,2,1779,1604,1962
445,2024-11-27 10:30:39,2,1816,1666,1928
446,2024-11-27 10:30:40,2,1799,1700,1931
447,2024-11-27 10:30:40,2,1715,1667,1968
448,2024-11-27 10:30:41,2,1662,1642,1968
449,2024-11-27 10:30:41,2,1626,1605,1967
450,2024-11-27 10:30:42,2,1608,1597,1972
451,2024-11-27 10:30:42,2,1590,1571,1960
452,2024-11-27 10:30:44,2,1660,1560,1967
453,2024-11-27 10:30:44,2,1683,1560,1966
454,2024-11-27 10:30:45,2,1706,1575,1966
455,2024-11-27 10:30:45,2,1733,1602,1967
456,2024-11-27 10:30:46,2,1724,1647,1961
457,2024-11-27 10:30:46,2,1666,1634,1966
458,2024-11-27 10:30:47,2,1628,1595,1966
459,2024-11-27 10:30:47,2,1647,1567,1966
460,2024-11-27 10:30:48,2,1701,1560,1962
461,2024-11-27 10:30:48,2,1747,1585,1957
462,2024-11-27 10:30:49,2,1755,1619,1960
463,2024-11-27 10:30:50,2,1625,1603,1960
464,2024-11-27 10:30:51,2,1603,1562,1965
465,2024-11-27 10:30:51,2,1595,1556,1954
466,2024-11-27 10:30:52,2,1598,1553,1950
467,2024-11-27 10:30:52,2,1658,1548,1960
468,2024-11-27 10:30:53,2,1707,1575,1963
469,2024-11-27 10:30:53,2,1746,1610,1959
470,2024-11-27 10:30:54,2,1778,1625,1953
471,2024-11-27 10:30:54,2,1792,1652,1952
472,2024-11-27 10:30:55,2,1749,1672,1960
473,2024-11-27 10:30:55,2,1640,1608,1966
474,2024-11-27 10:30:57,2,1680,1609,1976
475,2024-11-27 10:30:57,2,1670,1605,1975
476,2024-11-27 10:30:58,2,1616,1593,1963
477,2024-11-27 10:30:58,2,1631,1597,1975
478,2024-11-27 10:30:59,2,1713,1613,1977
479,2024-11-27 10:30:59,2,1756,1637,1955
480,2024-11-27 10:31:00,2,1699,1595,1970
481,2024-11-27 10:31:00,2,1698,1569,1966
482,2024-11-27 10:31:01,2,1652,1578,1972
483,2024-11-27 10:31:01,2,1683,1619,1982
484,2024-11-27 10:31:02,2,1698,1626,1974
485,2024-11-27 10:31:03,2,1687,1616,1968
486,2024-11-27 10:31:04,2,1698,1604,1968
487,2024-11-27 10:31:04,2,1698,1609,1960
488,2024-11-27 10:31:05,2,1702,1624,1974
489,2024-11-27 10:31:05,2,1694,1627,1967
490,2024-11-27 10:31:06,2,1692,1626,1974
491,2024-11-27 10:31:06,2,1696,1636,1975
492,2024-11-27 10:31:07,2,1690,1630,1973
493,2024-11-27 10:31:07,2,1692,1611,1965
494,2024-11-27 10:31:08,2,1692,1593,1968
495,2024-11-27 10:31:08,2,1691,1596,1966
496,2024-11-27 10:31:11,2,1720,1665,1971
497,2024-11-27 10:31:11,2,1686,1621,1971
498,2024-11-27 10:31:12,2,1639,1549,1961
499,2024-11-27 10:31:12,2,1655,1540,1963
500,2024-11-27 10:31:13,2,1655,1561,1964
501,2024-11-27 10:31:13,2,1659,1594,1967
502,2024-11-27 10:31:14,2,1701,1636,1971
503,2024-11-27 10:31:14,2,1720,1673,1966
504,2024-11-27 10:31:15,2,1718,1673,1964
505,2024-11-27 10:31:15,2,1694,1602,1977
506,2024-11-27 10:31:16,2,1692,1567,1957
507,2024-11-27 10:31:17,2,1727,1550,1960
508,2024-11-27 10:31:18,2,1742,1572,1958
509,2024-11-27 10:31:18,2,1750,1557,1954
510,2024-11-27 10:31:19,2,1709,1651,1964
511,2024-11-27 10:31:19,2,1683,1689,1964
512,2024-11-27 10:31:20,2,1633,1656,1977
513,2024-11-27 10:31:20,2,1598,1676,1956
514,2024-11-27 10:31:21,2,1605,1650,1964
515,2024-11-27 10:31:21,2,1649,1618,1977
516,2024-11-27 10:31:22,2,1683,1624,1973
517,2024-11-27 10:31:22,2,1678,1610,1974
518,2024-11-27 10:31:24,2,1676,1603,1971
519,2024-11-27 10:31:24,2,1684,1596,1974
520,2024-11-27 10:31:25,2,1681,1595,1968
521,2024-11-27 10:31:25,2,1679,1585,1971
522,2024-11-27 10:31:26,2,1675,1584,1973
523,2024-11-27 10:31:26,2,1675,1574,1972
524,2024-11-27 10:31:27,2,1675,1577,1973
525,2024-11-27 10:31:27,2,1678,1575,1972
526,2024-11-27 10:31:28,2,1677,1580,1968
527,2024-11-27 10:31:28,2,1674,1572,1962
528,2024-11-27 10:31:29,2,1691,1596,1965
529,2024-11-27 10:31:31,2,1687,1596,1971
530,2024-11-27 10:31:32,2,1684,1590,1968
531,2024-11-27 10:31:32,2,1662,1587,1973
532,2024-11-27 10:31:33,2,1658,1587,1971
533,2024-11-27 10:31:33,2,1661,1591,1974
534,2024-11-27 10:31:34,2,1617,1631,1970
535,2024-11-27 10:31:34,2,1589,1638,1968
536,2024-11-27 10:31:35,2,1605,1641,1984
537,2024-11-27 10:31:35,2,1625,1633,1971
538,2024-11-27 10:31:36,2,1676,1639,1971
539,2024-11-27 10:31:36,2,1687,1641,1985
540,2024-11-27 10:31:37,2,1697,1624,1983
541,2024-11-27 10:31:38,2,1699,1627,1981
542,2024-11-27 10:31:38,2,1662,1610,1961
543,2024-11-27 10:31:39,2,1647,1610,1971
544,2024-11-27 10:31:39,2,1639,1584,1972
545,2024-11-27 10:31:40,2,1672,1633,1978
546,2024-11-27 10:31:40,2,1659,1617,1974
547,2024-11-27 10:31:41,2,1669,1625,1963
548,2024-11-27 10:31:41,2,1683,1659,1967
549,2024-11-27 10:31:42,2,1636,1638,1978
550,2024-11-27 10:31:42,2,1621,1616,1971
551,2024-11-27 10:31:44,2,1621,1606,1966
552,2024-11-27 10:31:44,2,1629,1604,1967
553,2024-11-27 10:31:45,2,1673,1644,1975
554,2024-11-27 10:31:45,2,1675,1654,1972
555,2024-11-27 10:31:46,2,1691,1669,1974
556,2024-11-27 10:31:46,2,1715,1651,1972
557,2024-11-27 10:31:47,2,1689,1585,1968
558,2024-11-27 10:31:47,2,1681,1567,1974
559,2024-11-27 10:31:48,2,1624,1582,1971
560,2024-11-27 10:31:48,2,1589,1595,1961
561,2024-11-27 10:31:49,2,1584,1602,1959
562,2024-11-27 10:31:51,2,1655,1592,1971
563,2024-11-27 10:31:51,2,1630,1580,1971
564,2024-11-27 10:31:52,2,1605,1568,1963
565,2024-11-27 10:31:52,2,1587,1576,1949
566,2024-11-27 10:31:53,2,1647,1606,1966
567,2024-11-27 10:31:53,2,1700,1597,1966
568,2024-11-27 10:31:54,2,1760,1616,1960
569,2024-11-27 10:31:54,2,1785,1616,1957
570,2024-11-27 10:31:55,2,1783,1624,1945
571,2024-11-27 10:31:55,2,1781,1618,1954
572,2024-11-27 10:31:56,2,1734,1623,1963
573,2024-11-27 10:31:57,2,1631,1611,1974
574,2024-11-27 10:31:58,2,1624,1607,1968
575,2024-11-27 10:31:58,2,1610,1611,1966
576,2024-11-27 10:31:59,2,1586,1624,1968
577,2024-11-27 10:31:59,2,1589,1604,1961
578,2024-11-27 10:32:00,2,1620,1609,1966
579,2024-11-27 10:32:00,2,1643,1607,1971
580,2024-11-27 10:32:01,2,1663,1610,1972
581,2024-11-27 10:32:01,2,1662,1613,1974
582,2024-11-27 10:32:02,2,1680,1596,1966
583,2024-11-27 10:32:02,2,1699,1578,1966
584,2024-11-27 10:32:04,2,1658,1613,1970
585,2024-11-27 10:32:05,2,1645,1613,1964
586,2024-11-27 10:32:05,2,1604,1623,1965
587,2024-11-27 10:32:06,2,1618,1651,1970
588,2024-11-27 10:32:06,2,1622,1630,1967
589,2024-11-27 10:32:07,2,1645,1630,1963
590,2024-11-27 10:32:07,2,1659,1611,1967
591,2024-11-27 10:32:08,2,1686,1626,1967
592,2024-11-27 10:32:08,2,1694,1651,1972
593,2024-11-27 10:32:09,2,1658,1633,1971
594,2024-11-27 10:32:09,2,1669,1605,1973
595,2024-11-27 10:32:11,2,1655,1669,1974
596,2024-11-27 10:32:12,2,1662,1718,1957
597,2024-11-27 10:32:12,2,1667,1745,1946
598,2024-11-27 10:32:13,2,1663,1661,1975
599,2024-11-27 10:32:13,2,1654,1600,1970
600,2024-11-27 10:32:14,2,1625,1557,1961
601,2024-11-27 10:32:14,2,1612,1531,1957
602,2024-11-27 10:32:15,2,1612,1543,1960
603,2024-11-27 10:32:15,2,1665,1581,1968
604,2024-11-27 10:32:16,2,1698,1631,1976
605,2024-11-27 10:32:16,2,1718,1674,1966
606,2024-11-27 10:32:25,3,1357,1649,1727
607,2024-11-27 10:32:25,3,1355,1676,1720
608,2024-11-27 10:32:26,3,1360,1695,1700
609,2024-11-27 10:32:26,3,1363,1679,1693
610,2024-11-27 10:32:27,3,1339,1658,1722
611,2024-11-27 10:32:27,3,1364,1641,1680
612,2024-11-27 10:32:28,3,1328,1613,1694
613,2024-11-27 10:32:28,3,1342,1591,1691
614,2024-11-27 10:32:29,3,1318,1575,1728
615,2024-11-27 10:32:29,3,1350,1667,1676
616,2024-11-27 10:32:30,3,1347,1638,1646
617,2024-11-27 10:32:32,3,1354,1651,1680
618,2024-11-27 10:32:33,3,1353,1646,1701
619,2024-11-27 10:32:33,3,1364,1694,1731
620,2024-11-27 10:32:34,3,1355,1691,1669
621,2024-11-27 10:32:34,3,1347,1669,1672
622,2024-11-27 10:32:35,3,1352,1659,1658
623,2024-11-27 10:32:35,3,1350,1647,1670
624,2024-11-27 10:32:36,3,1342,1645,1656
625,2024-11-27 10:32:36,3,1345,1658,1669
626,2024-11-27 10:32:37,3,1354,1652,1684
627,2024-11-27 10:32:37,3,1347,1642,1679
628,2024-11-27 10:32:39,3,1349,1678,1688
629,2024-11-27 10:32:39,3,1357,1683,1677
630,2024-11-27 10:32:40,3,1357,1660,1700
631,2024-11-27 10:32:40,3,1353,1656,1706
632,2024-11-27 10:32:41,3,1363,1647,1682
633,2024-11-27 10:32:41,3,1341,1642,1708
634,2024-11-27 10:32:42,3,1340,1667,1781
635,2024-11-27 10:32:42,3,1352,1628,1711
636,2024-11-27 10:32:43,3,1355,1625,1712
637,2024-11-27 10:32:43,3,1355,1621,1706
638,2024-11-27 10:32:44,3,1352,1639,1715
639,2024-11-27 10:32:45,3,1353,1662,1694
640,2024-11-27 10:32:46,3,1358,1677,1720
641,2024-11-27 10:32:46,3,1359,1660,1754
642,2024-11-27 10:32:47,3,1361,1660,1744
643,2024-11-27 10:32:47,3,1373,1635,1780
644,2024-11-27 10:32:48,3,1371,1631,1770
645,2024-11-27 10:32:48,3,1352,1642,1720
646,2024-11-27 10:32:49,3,1347,1661,1659
647,2024-11-27 10:32:49,3,1356,1664,1658
648,2024-11-27 10:32:50,3,1353,1666,1625
649,2024-11-27 10:32:50,3,1342,1648,1648
650,2024-11-27 10:32:52,3,1367,1657,1708
651,2024-11-27 10:32:53,3,1357,1648,1739
652,2024-11-27 10:32:53,3,1356,1630,1736
653,2024-11-27 10:32:54,3,1345,1648,1654
654,2024-11-27 10:32:54,3,1339,1626,1642
655,2024-11-27 10:32:55,3,1346,1638,1647
656,2024-11-27 10:32:55,3,1343,1638,1637
657,2024-11-27 10:32:56,3,1347,1632,1625
658,2024-11-27 10:32:56,3,1349,1634,1644
659,2024-11-27 10:32:57,3,1342,1624,1662
660,2024-11-27 10:32:57,3,1347,1607,1635
661,2024-11-27 10:32:58,3,1349,1640,1655
662,2024-11-27 10:32:59,3,1354,1645,1655
663,2024-11-27 10:32:59,3,1350,1633,1654
664,2024-11-27 10:33:00,3,1361,1585,1668
665,2024-11-27 10:33:00,3,1346,1641,1647
666,2024-11-27 10:33:01,3,1344,1640,1647
667,2024-11-27 10:33:01,3,1342,1629,1644
668,2024-11-27 10:33:02,3,1339,1628,1652
669,2024-11-27 10:33:02,3,1352,1633,1640
670,2024-11-27 10:33:03,3,1353,1649,1641
671,2024-11-27 10:33:03,3,1341,1659,1650
672,2024-11-27 10:33:04,3,1350,1667,1674
673,2024-11-27 10:33:05,3,1348,1662,1680
674,2024-11-27 10:33:05,3,1358,1648,1700
675,2024-11-27 10:33:06,3,1350,1690,1686
676,2024-11-27 10:33:06,3,1357,1680,1662
677,2024-11-27 10:33:07,3,1345,1642,1664
678,2024-11-27 10:33:07,3,1342,1617,1657
679,2024-11-27 10:33:08,3,1350,1603,1661
680,2024-11-27 10:33:08,3,1342,1596,1662
681,2024-11-27 10:33:09,3,1349,1581,1669
682,2024-11-27 10:33:09,3,1352,1582,1674
683,2024-11-27 10:33:11,3,1358,1609,1722
684,2024-11-27 10:33:11,3,1347,1625,1672
685,2024-11-27 10:33:12,3,1350,1633,1645
686,2024-11-27 10:33:12,3,1348,1638,1637
687,2024-11-27 10:33:13,3,1347,1636,1649
688,2024-11-27 10:33:13,3,1346,1629,1653
689,2024-11-27 10:33:14,3,1351,1633,1647
690,2024-11-27 10:33:14,3,1344,1638,1655
691,2024-11-27 10:33:15,3,1341,1630,1649
692,2024-11-27 10:33:15,3,1355,1644,1669
693,2024-11-27 10:33:16,3,1354,1674,1680
694,2024-11-27 10:33:17,3,1348,1680,1646
695,2024-11-27 10:33:17,3,1342,1659,1625
696,2024-11-27 10:33:18,3,1349,1657,1627
697,2024-11-27 10:33:18,3,1347,1634,1637
698,2024-11-27 10:33:19,3,1345,1640,1644
699,2024-11-27 10:33:19,3,1345,1632,1647
700,2024-11-27 10:33:20,3,1344,1630,1652
701,2024-11-27 10:33:20,3,1343,1631,1666
702,2024-11-27 10:33:21,3,1351,1617,1669
703,2024-11-27 10:33:21,3,1353,1598,1681
704,2024-11-27 10:33:22,3,1354,1630,1692
705,2024-11-27 10:33:23,3,1344,1638,1646
706,2024-11-27 10:33:23,3,1348,1632,1642
707,2024-11-27 10:33:24,3,1346,1633,1645
708,2024-11-27 10:33:24,3,1349,1640,1655
709,2024-11-27 10:33:25,3,1342,1641,1658
710,2024-11-27 10:33:25,3,1348,1633,1648
711,2024-11-27 10:33:26,3,1347,1630,1648
712,2024-11-27 10:33:26,3,1351,1629,1646
713,2024-11-27 10:33:27,3,1351,1654,1676
714,2024-11-27 10:33:27,3,1352,1676,1694
715,2024-11-27 10:33:28,3,1357,1659,1708
716,2024-11-27 10:33:32,3,1351,1638,1669
717,2024-11-27 10:33:33,3,1347,1639,1665
718,2024-11-27 10:33:33,3,1350,1646,1669
719,2024-11-27 10:33:34,3,1345,1640,1700
720,2024-11-27 10:33:34,3,1336,1640,1702
721,2024-11-27 10:33:35,3,1354,1666,1705
722,2024-11-27 10:33:35,3,1357,1669,1712
723,2024-11-27 10:33:36,3,1351,1647,1720
724,2024-11-27 10:33:36,3,1357,1643,1695
725,2024-11-27 10:33:37,3,1350,1630,1687
726,2024-11-27 10:33:37,3,1350,1632,1679
727,2024-11-27 10:33:39,3,1357,1633,1653
728,2024-11-27 10:33:40,3,1345,1630,1654
729,2024-11-27 10:33:41,3,1345,1631,1653
730,2024-11-27 10:33:41,3,1346,1628,1655
731,2024-11-27 10:33:41,3,1345,1630,1670
732,2024-11-27 10:33:42,3,1355,1659,1697
733,2024-11-27 10:33:43,3,1364,1695,1705
734,2024-11-27 10:33:43,3,1379,1727,1721
735,2024-11-27 10:33:43,3,1375,1732,1712
736,2024-11-27 10:33:44,3,1367,1676,1728
737,2024-11-27 10:33:44,3,1355,1630,1685
738,2024-11-27 10:33:46,3,1345,1594,1654
739,2024-11-27 10:33:46,3,1343,1594,1658
740,2024-11-27 10:33:47,3,1350,1634,1654
741,2024-11-27 10:33:47,3,1341,1700,1669
742,2024-11-27 10:33:48,3,1367,1681,1697
743,2024-11-27 10:33:48,3,1381,1705,1687
744,2024-11-27 10:33:49,3,1373,1704,1733
745,2024-11-27 10:33:49,3,1366,1697,1739
746,2024-11-27 10:33:50,3,1364,1666,1724
747,2024-11-27 10:33:50,3,1351,1603,1669
748,2024-11-27 10:33:51,3,1350,1556,1637
749,2024-11-27 10:33:52,3,1360,1529,1633
750,2024-11-27 10:33:53,3,1355,1529,1633
751,2024-11-27 10:33:53,3,1361,1521,1631
752,2024-11-27 10:33:54,3,1374,1531,1640
753,2024-11-27 10:33:54,3,1348,1584,1669
754,2024-11-27 10:33:55,3,1349,1619,1684
755,2024-11-27 10:33:55,3,1364,1621,1683
756,2024-11-27 10:33:56,3,1364,1686,1707
757,2024-11-27 10:33:56,3,1358,1692,1721
758,2024-11-27 10:33:57,3,1358,1679,1693
759,2024-11-27 10:33:57,3,1350,1676,1701
760,2024-11-27 10:33:59,3,1350,1604,1658
761,2024-11-27 10:34:00,3,1350,1597,1656
762,2024-11-27 10:34:00,3,1348,1582,1649
763,2024-11-27 10:34:00,3,1354,1576,1652
764,2024-11-27 10:34:01,3,1351,1597,1654
765,2024-11-27 10:34:02,3,1357,1627,1638
766,2024-11-27 10:34:02,3,1360,1677,1679
767,2024-11-27 10:34:02,3,1363,1657,1677
768,2024-11-27 10:34:03,3,1347,1649,1648
769,2024-11-27 10:34:04,3,1347,1626,1660
770,2024-11-27 10:34:04,3,1348,1640,1666
771,2024-11-27 10:34:06,3,1350,1632,1684
772,2024-11-27 10:34:07,3,1345,1652,1647
773,2024-11-27 10:34:07,3,1350,1695,1649
774,2024-11-27 10:34:08,3,1350,1668,1661
775,2024-11-27 10:34:08,3,1351,1627,1676
776,2024-11-27 10:34:09,3,1352,1644,1682
777,2024-11-27 10:34:09,3,1350,1644,1686
778,2024-11-27 10:34:10,3,1346,1628,1656
779,2024-11-27 10:34:10,3,1367,1617,1701
780,2024-11-27 10:34:11,3,1358,1634,1684
781,2024-11-27 10:34:11,3,1356,1632,1683
782,2024-11-27 10:34:13,3,1350,1616,1676
783,2024-11-27 10:34:13,3,1345,1634,1670
784,2024-11-27 10:34:14,3,1342,1652,1690
785,2024-11-27 10:34:14,3,1364,1654,1727
786,2024-11-27 10:34:15,3,1351,1621,1707
787,2024-11-27 10:34:15,3,1353,1614,1674
788,2024-11-27 10:34:16,3,1364,1652,1686
789,2024-11-27 10:34:16,3,1357,1654,1706
790,2024-11-27 10:34:17,3,1364,1660,1715
791,2024-11-27 10:34:17,3,1364,1644,1715
792,2024-11-27 10:34:18,3,1349,1625,1707
793,2024-11-27 10:34:19,3,1350,1628,1676
794,2024-11-27 10:34:19,3,1349,1628,1675
795,2024-11-27 10:34:20,3,1342,1633,1665
796,2024-11-27 10:34:20,3,1350,1628,1665
797,2024-11-27 10:34:21,3,1347,1629,1667
798,2024-11-27 10:34:21,3,1345,1633,1663
799,2024-11-27 10:34:22,3,1349,1626,1669
800,2024-11-27 10:34:22,3,1342,1627,1660
801,2024-11-27 10:34:23,3,1350,1629,1662
802,2024-11-27 10:34:23,3,1344,1630,1667
803,2024-11-27 10:34:24,3,1351,1628,1658
804,2024-11-27 10:34:31,5,1659,1621,1292
805,2024-11-27 10:34:32,5,1651,1619,1303
806,2024-11-27 10:34:32,5,1654,1609,1311
807,2024-11-27 10:34:33,5,1637,1601,1307
808,2024-11-27 10:34:33,5,1635,1591,1313
809,2024-11-27 10:34:34,5,1642,1583,1314
810,2024-11-27 10:34:34,5,1618,1584,1308
811,2024-11-27 10:34:35,5,1641,1584,1309
812,2024-11-27 10:34:35,5,1666,1604,1305
813,2024-11-27 10:34:36,5,1680,1619,1306
814,2024-11-27 10:34:36,5,1678,1631,1311
815,2024-11-27 10:34:38,5,1686,1625,1304
816,2024-11-27 10:34:39,5,1679,1620,1301
817,2024-11-27 10:34:39,5,1701,1628,1287
818,2024-11-27 10:34:40,5,1683,1611,1306
819,2024-11-27 10:34:40,5,1670,1568,1304
820,2024-11-27 10:34:41,5,1701,1570,1311
821,2024-11-27 10:34:41,5,1714,1585,1305
822,2024-11-27 10:34:42,5,1715,1594,1308
823,2024-11-27 10:34:42,5,1720,1604,1309
824,2024-11-27 10:34:43,5,1709,1615,1309
825,2024-11-27 10:34:43,5,1719,1630,1311
826,2024-11-27 10:34:44,5,1705,1635,1305
827,2024-11-27 10:34:45,5,1665,1651,1325
828,2024-11-27 10:34:45,5,1700,1662,1313
829,2024-11-27 10:34:46,5,1706,1676,1306
830,2024-11-27 10:34:46,5,1710,1698,1326
831,2024-11-27 10:34:47,5,1714,1692,1320
832,2024-11-27 10:34:47,5,1712,1701,1318
833,2024-11-27 10:34:48,5,1705,1708,1320
834,2024-11-27 10:34:48,5,1659,1700,1328
835,2024-11-27 10:34:49,5,1647,1693,1320
836,2024-11-27 10:34:49,5,1647,1672,1309
837,2024-11-27 10:34:51,5,1633,1636,1319
838,2024-11-27 10:34:51,5,1641,1625,1303
839,2024-11-27 10:34:52,5,1647,1631,1311
840,2024-11-27 10:34:52,5,1647,1596,1300
841,2024-11-27 10:34:53,5,1673,1587,1300
842,2024-11-27 10:34:53,5,1671,1588,1306
843,2024-11-27 10:34:54,5,1671,1580,1309
844,2024-11-27 10:34:54,5,1687,1568,1308
845,2024-11-27 10:34:55,5,1686,1567,1314
846,2024-11-27 10:34:55,5,1690,1547,1306
847,2024-11-27 10:34:56,5,1691,1551,1311
848,2024-11-27 10:34:57,5,1729,1592,1311
849,2024-11-27 10:34:57,5,1737,1629,1305
850,2024-11-27 10:34:58,5,1734,1625,1312
851,2024-11-27 10:34:58,5,1747,1609,1299
852,2024-11-27 10:34:59,5,1684,1617,1307
853,2024-11-27 10:34:59,5,1679,1609,1303
854,2024-11-27 10:35:00,5,1674,1611,1307
855,2024-11-27 10:35:00,5,1672,1615,1307
856,2024-11-27 10:35:01,5,1664,1615,1305
857,2024-11-27 10:35:01,5,1648,1635,1305
858,2024-11-27 10:35:02,5,1635,1638,1308
859,2024-11-27 10:35:03,5,1633,1632,1311
860,2024-11-27 10:35:03,5,1625,1645,1312
861,2024-11-27 10:35:04,5,1617,1633,1313
862,2024-11-27 10:35:04,5,1617,1630,1312
863,2024-11-27 10:35:05,5,1612,1638,1310
864,2024-11-27 10:35:05,5,1617,1631,1314
865,2024-11-27 10:35:06,5,1610,1631,1312
866,2024-11-27 10:35:06,5,1602,1641,1315
867,2024-11-27 10:35:07,5,1610,1631,1309
868,2024-11-27 10:35:07,5,1609,1627,1311
869,2024-11-27 10:35:08,5,1613,1634,1314
870,2024-11-27 10:35:09,5,1604,1617,1312
871,2024-11-27 10:35:10,5,1596,1633,1312
872,2024-11-27 10:35:10,5,1591,1633,1313
873,2024-11-27 10:35:11,5,1582,1649,1317
874,2024-11-27 10:35:11,5,1585,1642,1316
875,2024-11-27 10:35:12,5,1581,1649,1321
876,2024-11-27 10:35:12,5,1582,1669,1323
877,2024-11-27 10:35:13,5,1593,1677,1320
878,2024-11-27 10:35:13,5,1593,1682,1325
879,2024-11-27 10:35:14,5,1596,1669,1314
880,2024-11-27 10:35:14,5,1601,1634,1314
881,2024-11-27 10:35:15,5,1624,1575,1314
882,2024-11-27 10:35:16,5,1634,1571,1313
883,2024-11-27 10:35:16,5,1614,1567,1321
884,2024-11-27 10:35:17,5,1622,1558,1306
885,2024-11-27 10:35:17,5,1618,1618,1303
886,2024-11-27 10:35:18,5,1603,1639,1323
887,2024-11-27 10:35:18,5,1603,1627,1321
888,2024-11-27 10:35:19,5,1596,1631,1315
889,2024-11-27 10:35:19,5,1590,1656,1313
890,2024-11-27 10:35:20,5,1589,1661,1319
891,2024-11-27 10:35:20,5,1588,1662,1328
892,2024-11-27 10:35:22,5,1630,1623,1313
893,2024-11-27 10:35:22,5,1641,1627,1306
894,2024-11-27 10:35:23,5,1654,1623,1307
895,2024-11-27 10:35:23,5,1662,1622,1306
896,2024-11-27 10:35:24,5,1661,1617,1303
897,2024-11-27 10:35:24,5,1662,1617,1300
898,2024-11-27 10:35:25,5,1649,1615,1306
899,2024-11-27 10:35:25,5,1634,1611,1310
900,2024-11-27 10:35:26,5,1632,1605,1314
901,2024-11-27 10:35:26,5,1626,1610,1313
902,2024-11-27 10:35:27,5,1626,1609,1313
903,2024-11-27 10:35:28,5,1587,1604,1313
904,2024-11-27 10:35:29,5,1583,1613,1312
905,2024-11-27 10:35:29,5,1582,1612,1310
906,2024-11-27 10:35:30,5,1594,1638,1315
907,2024-11-27 10:35:30,5,1611,1636,1315
908,2024-11-27 10:35:31,5,1615,1637,1311
909,2024-11-27 10:35:31,5,1629,1639,1313
910,2024-11-27 10:35:32,5,1647,1640,1306
911,2024-11-27 10:35:32,5,1643,1633,1303
912,2024-11-27 10:35:33,5,1652,1624,1306
913,2024-11-27 10:35:33,5,1646,1607,1306
914,2024-11-27 10:35:34,5,1609,1596,1316
915,2024-11-27 10:35:35,5,1610,1596,1313
916,2024-11-27 10:35:35,5,1612,1592,1314
917,2024-11-27 10:35:36,5,1604,1595,1313
918,2024-11-27 10:35:36,5,1603,1594,1308
919,2024-11-27 10:35:37,5,1603,1591,1314
920,2024-11-27 10:35:37,5,1596,1589,1318
921,2024-11-27 10:35:38,5,1595,1594,1315
922,2024-11-27 10:35:38,5,1590,1589,1317
923,2024-11-27 10:35:39,5,1588,1590,1319
924,2024-11-27 10:35:39,5,1581,1596,1320
925,2024-11-27 10:35:41,5,1577,1613,1318
926,2024-11-27 10:35:41,5,1582,1619,1318
927,2024-11-27 10:35:42,5,1587,1633,1313
928,2024-11-27 10:35:42,5,1609,1632,1313
929,2024-11-27 10:35:43,5,1616,1618,1310
930,2024-11-27 10:35:43,5,1617,1617,1307
931,2024-11-27 10:35:44,5,1617,1601,1308
932,2024-11-27 10:35:44,5,1609,1599,1311
933,2024-11-27 10:35:45,5,1595,1592,1309
934,2024-11-27 10:35:45,5,1599,1585,1313
935,2024-11-27 10:35:46,5,1590,1584,1320
936,2024-11-27 10:35:54,4,1654,1286,1630
937,2024-11-27 10:35:54,4,1653,1285,1634
938,2024-11-27 10:35:55,4,1658,1286,1613
939,2024-11-27 10:35:55,4,1664,1282,1623
940,2024-11-27 10:35:56,4,1672,1285,1633
941,2024-11-27 10:35:56,4,1665,1283,1624
942,2024-11-27 10:35:57,4,1672,1282,1634
943,2024-11-27 10:35:57,4,1678,1284,1635
944,2024-11-27 10:35:58,4,1665,1285,1625
945,2024-11-27 10:35:58,4,1656,1290,1628
946,2024-11-27 10:35:59,4,1652,1285,1632
947,2024-11-27 10:36:00,4,1621,1293,1630
948,2024-11-27 10:36:01,4,1618,1297,1627
949,2024-11-27 10:36:01,4,1625,1284,1631
950,2024-11-27 10:36:02,4,1651,1286,1630
951,2024-11-27 10:36:02,4,1663,1282,1636
952,2024-11-27 10:36:03,4,1665,1279,1623
953,2024-11-27 10:36:03,4,1672,1280,1633
954,2024-11-27 10:36:04,4,1691,1285,1631
955,2024-11-27 10:36:04,4,1696,1283,1631
956,2024-11-27 10:36:05,4,1687,1283,1630
957,2024-11-27 10:36:05,4,1653,1288,1630
958,2024-11-27 10:36:07,4,1634,1286,1626
959,2024-11-27 10:36:07,4,1653,1285,1632
960,2024-11-27 10:36:08,4,1654,1286,1626
961,2024-11-27 10:36:08,4,1655,1282,1633
962,2024-11-27 10:36:09,4,1666,1283,1641
963,2024-11-27 10:36:09,4,1652,1285,1630
964,2024-11-27 10:36:10,4,1651,1297,1629
965,2024-11-27 10:36:10,4,1663,1284,1629
966,2024-11-27 10:36:11,4,1675,1286,1636
967,2024-11-27 10:36:11,4,1679,1285,1636
968,2024-11-27 10:36:12,4,1684,1284,1631
969,2024-11-27 10:36:13,4,1655,1284,1633
970,2024-11-27 10:36:13,4,1652,1277,1625
971,2024-11-27 10:36:13,4,1654,1285,1634
972,2024-11-27 10:36:14,4,1650,1290,1626
973,2024-11-27 10:36:15,4,1640,1268,1626
974,2024-11-27 10:36:15,4,1660,1282,1619
975,2024-11-27 10:36:15,4,1663,1271,1631
976,2024-11-27 10:36:16,4,1668,1286,1633
977,2024-11-27 10:36:17,4,1679,1277,1626
978,2024-11-27 10:36:17,4,1718,1294,1631
979,2024-11-27 10:36:17,4,1721,1290,1631
980,2024-11-27 10:36:18,4,1726,1287,1632
981,2024-11-27 10:36:19,4,1717,1285,1631
982,2024-11-27 10:36:19,4,1691,1283,1637
983,2024-11-27 10:36:20,4,1683,1283,1637
984,2024-11-27 10:36:20,4,1680,1288,1648
985,2024-11-27 10:36:21,4,1676,1293,1647
986,2024-11-27 10:36:21,4,1674,1287,1644
987,2024-11-27 10:36:22,4,1683,1291,1640
988,2024-11-27 10:36:22,4,1654,1287,1651
989,2024-11-27 10:36:23,4,1653,1280,1648
990,2024-11-27 10:36:23,4,1652,1285,1646
991,2024-11-27 10:36:24,4,1661,1287,1657
992,2024-11-27 10:36:25,4,1655,1286,1652
993,2024-11-27 10:36:25,4,1650,1277,1642
994,2024-11-27 10:36:26,4,1655,1281,1646
995,2024-11-27 10:36:26,4,1655,1283,1645
996,2024-11-27 10:36:27,4,1660,1279,1647
997,2024-11-27 10:36:27,4,1662,1280,1640
998,2024-11-27 10:36:28,4,1666,1281,1647
999,2024-11-27 10:36:28,4,1675,1278,1646
1000,2024-11-27 10:36:29,4,1669,1286,1642
1001,2024-11-27 10:36:29,4,1666,1283,1640
1002,2024-11-27 10:36:31,4,1666,1278,1645
1003,2024-11-27 10:36:31,4,1674,1278,1641
1004,2024-11-27 10:36:32,4,1683,1284,1644
1005,2024-11-27 10:36:32,4,1686,1282,1652
1006,2024-11-27 10:36:33,4,1691,1286,1657
1007,2024-11-27 10:36:33,4,1688,1284,1651
1008,2024-11-27 10:36:34,4,1684,1279,1633
1009,2024-11-27 10:36:34,4,1682,1285,1633
1010,2024-11-27 10:36:35,4,1651,1286,1635
1011,2024-11-27 10:36:35,4,1654,1282,1635
1012,2024-11-27 10:36:36,4,1637,1279,1621
1013,2024-11-27 10:36:37,4,1656,1280,1607
1014,2024-11-27 10:36:37,4,1650,1280,1607
1015,2024-11-27 10:36:38,4,1656,1285,1623
1016,2024-11-27 10:36:38,4,1656,1284,1630
1017,2024-11-27 10:36:39,4,1654,1282,1640
1018,2024-11-27 10:36:40,4,1655,1280,1640
1019,2024-11-27 10:36:40,4,1654,1284,1645
1020,2024-11-27 10:36:40,4,1653,1283,1653
1021,2024-11-27 10:36:41,4,1645,1277,1644
1022,2024-11-27 10:36:41,4,1638,1287,1633
1023,2024-11-27 10:36:42,4,1645,1287,1627
1024,2024-11-27 10:36:44,4,1660,1283,1611
1025,2024-11-27 10:36:44,4,1658,1284,1609
1026,2024-11-27 10:36:45,4,1666,1287,1633
1027,2024-11-27 10:36:45,4,1659,1280,1632
1028,2024-11-27 10:36:46,4,1657,1282,1634
1029,2024-11-27 10:36:46,4,1651,1283,1645
1030,2024-11-27 10:36:47,4,1654,1282,1645
1031,2024-11-27 10:36:47,4,1654,1285,1644
1032,2024-11-27 10:36:48,4,1654,1284,1644
1033,2024-11-27 10:36:48,4,1658,1285,1654
1034,2024-11-27 10:36:49,4,1664,1283,1644
1035,2024-11-27 10:36:52,4,1659,1288,1627
1036,2024-11-27 10:36:52,4,1658,1285,1622
1037,2024-11-27 10:36:53,4,1658,1287,1611
1038,2024-11-27 10:36:53,4,1657,1283,1625
1039,2024-11-27 10:36:54,4,1669,1283,1630
1040,2024-11-27 10:36:54,4,1657,1279,1638
1041,2024-11-27 10:36:55,4,1651,1283,1642
1042,2024-11-27 10:36:55,4,1651,1283,1632
1043,2024-11-27 10:36:56,4,1650,1282,1633
1044,2024-11-27 10:36:56,4,1653,1280,1639
1045,2024-11-27 10:36:57,4,1652,1292,1651
1046,2024-11-27 10:37:00,4,1644,1280,1613
1047,2024-11-27 10:37:01,4,1653,1284,1611
1048,2024-11-27 10:37:01,4,1674,1285,1606
1049,2024-11-27 10:37:02,4,1680,1283,1625
1050,2024-11-27 10:37:02,4,1686,1290,1630
1051,2024-11-27 10:37:03,4,1687,1286,1640
1052,2024-11-27 10:37:03,4,1671,1284,1657
1053,2024-11-27 10:37:04,4,1683,1280,1649
1054,2024-11-27 10:37:04,4,1679,1278,1656
1055,2024-11-27 10:37:05,4,1696,1286,1662
1056,2024-11-27 10:37:05,4,1671,1279,1652
1057,2024-11-27 10:37:07,4,1654,1284,1654
1058,2024-11-27 10:37:07,4,1637,1283,1633
1059,2024-11-27 10:37:08,4,1636,1287,1615
1060,2024-11-27 10:37:08,4,1645,1284,1604
1061,2024-11-27 10:37:09,4,1654,1284,1596
1062,2024-11-27 10:37:09,4,1652,1293,1605
1063,2024-11-27 10:37:10,4,1672,1288,1630
1064,2024-11-27 10:37:10,4,1681,1284,1628
1065,2024-11-27 10:37:11,4,1662,1279,1626
1066,2024-11-27 10:37:11,4,1660,1282,1635
1067,2024-11-27 10:37:12,4,1653,1293,1646
1068,2024-11-27 10:37:13,4,1653,1280,1643
1069,2024-11-27 10:37:14,4,1654,1284,1644
1070,2024-11-27 10:37:14,4,1636,1287,1656
1071,2024-11-27 10:37:15,4,1630,1278,1654
1072,2024-11-27 10:37:15,4,1632,1280,1653
1073,2024-11-27 10:37:16,4,1624,1293,1659
1074,2024-11-27 10:37:16,4,1610,1290,1663
1075,2024-11-27 10:37:17,4,1616,1280,1633
1076,2024-11-27 10:37:17,4,1637,1282,1627
1077,2024-11-27 10:37:18,4,1649,1277,1625
1078,2024-11-27 10:37:18,4,1656,1284,1627
1079,2024-11-27 10:37:20,4,1683,1283,1636
1080,2024-11-27 10:37:20,4,1670,1278,1644
1081,2024-11-27 10:37:21,4,1646,1293,1682
1082,2024-11-27 10:37:21,4,1618,1285,1698
1083,2024-11-27 10:37:22,4,1666,1288,1683
1084,2024-11-27 10:37:22,4,1658,1280,1701
1085,2024-11-27 10:37:23,4,1680,1291,1681
1086,2024-11-27 10:37:23,4,1675,1277,1639
1087,2024-11-27 10:37:24,4,1691,1291,1655
1088,2024-11-27 10:37:24,4,1704,1284,1639
1089,2024-11-27 10:37:25,4,1701,1281,1639
1090,2024-11-27 10:37:26,4,1671,1283,1639
1091,2024-11-27 10:37:27,4,1665,1287,1654
1092,2024-11-27 10:37:27,4,1641,1281,1646
1093,2024-11-27 10:37:28,4,1635,1291,1631
1094,2024-11-27 10:37:28,4,1657,1278,1653
1095,2024-11-27 10:37:29,4,1654,1286,1628
1096,2024-11-27 10:37:29,4,1648,1283,1620
1097,2024-11-27 10:37:30,4,1640,1284,1611
1098,2024-11-27 10:37:30,4,1651,1283,1638
1099,2024-11-27 10:37:31,4,1669,1281,1633
1100,2024-11-27 10:37:31,4,1686,1278,1631
1101,2024-11-27 10:37:33,4,1674,1284,1603
1102,2024-11-27 10:37:34,4,1672,1279,1633
1103,2024-11-27 10:37:34,4,1695,1277,1659
1104,2024-11-27 10:37:35,4,1696,1286,1660
1105,2024-11-27 10:37:35,4,1701,1290,1677
1106,2024-11-27 10:37:36,4,1684,1282,1673
1107,2024-11-27 10:37:36,4,1684,1287,1685
1108,2024-11-27 10:37:37,4,1707,1276,1645
1109,2024-11-27 10:37:37,4,1715,1284,1637
1110,2024-11-27 10:37:38,4,1720,1289,1645
1111,2024-11-27 10:37:38,4,1715,1289,1662
1112,2024-11-27 10:37:39,4,1673,1285,1688
1113,2024-11-27 10:37:40,4,1661,1286,1704
1114,2024-11-27 10:37:40,4,1638,1286,1705
1115,2024-11-27 10:37:41,4,1634,1292,1700
1116,2024-11-27 10:37:42,4,1638,1295,1704
1117,2024-11-27 10:37:42,4,1618,1293,1709
1118,2024-11-27 10:37:42,4,1621,1290,1701
1119,2024-11-27 10:37:43,4,1625,1288,1688
1120,2024-11-27 10:37:43,4,1638,1287,1675
1121,2024-11-27 10:37:44,4,1643,1282,1659
1122,2024-11-27 10:37:44,4,1659,1285,1641
1123,2024-11-27 10:37:47,4,1683,1282,1652
1124,2024-11-27 10:37:48,4,1691,1277,1647
1125,2024-11-27 10:37:48,4,1669,1278,1655
1126,2024-11-27 10:37:49,4,1671,1283,1654
1127,2024-11-27 10:37:49,4,1676,1284,1657
1128,2024-11-27 10:37:50,4,1667,1284,1658
1129,2024-11-27 10:37:50,4,1662,1283,1656
1130,2024-11-27 10:37:51,4,1637,1278,1659
1131,2024-11-27 10:37:51,4,1650,1285,1648
1132,2024-11-27 10:37:52,4,1651,1284,1643
1133,2024-11-27 10:37:52,4,1650,1280,1644
1134,2024-11-27 10:37:54,4,1657,1281,1625
1135,2024-11-27 10:37:54,4,1676,1286,1645
1136,2024-11-27 10:37:55,4,1704,1282,1631
1137,2024-11-27 10:37:55,4,1698,1283,1627
1138,2024-11-27 10:37:56,4,1705,1277,1622
1139,2024-11-27 10:37:56,4,1709,1284,1639
1140,2024-11-27 10:37:57,4,1687,1284,1651
1141,2024-11-27 10:37:57,4,1658,1284,1671
1142,2024-11-27 10:37:58,4,1647,1282,1659
1143,2024-11-27 10:37:58,4,1631,1284,1649
1144,2024-11-27 10:37:59,4,1617,1326,1630
1145,2024-11-27 10:38:00,4,1610,1289,1609
1146,2024-11-27 10:38:00,4,1605,1294,1603
1147,2024-11-27 10:38:01,4,1600,1294,1602
1148,2024-11-27 10:38:01,4,1595,1293,1596
1149,2024-11-27 10:38:02,4,1604,1293,1590
1150,2024-11-27 10:38:02,4,1598,1299,1592
1151,2024-11-27 10:38:03,4,1619,1288,1584
1152,2024-11-27 10:38:03,4,1645,1288,1597
1153,2024-11-27 10:38:04,4,1642,1284,1611
1154,2024-11-27 10:38:04,4,1650,1282,1609
1155,2024-11-27 10:38:05,4,1654,1273,1616
1156,2024-11-27 10:38:07,4,1600,1289,1675
1157,2024-11-27 10:38:07,4,1600,1279,1676
1158,2024-11-27 10:38:08,4,1589,1298,1666
1159,2024-11-27 10:38:08,4,1590,1293,1648
1160,2024-11-27 10:38:09,4,1588,1290,1644
1161,2024-11-27 10:38:09,4,1594,1290,1628
1162,2024-11-27 10:38:10,4,1609,1284,1636
1163,2024-11-27 10:38:10,4,1618,1283,1627
1164,2024-11-27 10:38:11,4,1630,1280,1617
1165,2024-11-27 10:38:11,4,1648,1282,1616
1166,2024-11-27 10:38:12,4,1647,1286,1625
1167,2024-11-27 10:38:13,4,1661,1275,1641
1168,2024-11-27 10:38:13,4,1662,1286,1647
1169,2024-11-27 10:38:14,4,1654,1284,1651
1170,2024-11-27 10:38:14,4,1668,1290,1668
1171,2024-11-27 10:38:15,4,1629,1292,1686
1172,2024-11-27 10:38:15,4,1651,1295,1691
1173,2024-11-27 10:38:16,4,1662,1269,1668
1174,2024-11-27 10:38:16,4,1670,1289,1652
1175,2024-11-27 10:38:17,4,1663,1288,1625
1176,2024-11-27 10:38:17,4,1668,1285,1626
1177,2024-11-27 10:38:18,4,1671,1272,1633
1178,2024-11-27 10:38:20,4,1644,1280,1629
1179,2024-11-27 10:38:20,4,1652,1286,1631
1180,2024-11-27 10:38:21,4,1659,1284,1623
1181,2024-11-27 10:38:21,4,1659,1282,1629
1182,2024-11-27 10:38:22,4,1654,1284,1629
1183,2024-11-27 10:38:22,4,1653,1287,1632
1184,2024-11-27 10:38:23,4,1652,1281,1630
1185,2024-11-27 10:38:23,4,1649,1282,1626
1186,2024-11-27 10:38:24,4,1652,1280,1627
1187,2024-11-27 10:38:24,4,1650,1278,1628
1188,2024-11-27 10:38:25,4,1651,1283,1634
